id,phone_number,ssn,email,firstname,lastname,age
0,8201931087,600268041,josiahharris@lubowitz.info,Wayne,Stehr,29
1,5788345157,809025969,carolynbashirian@stanton.com,Gerardo,Eichmann,50
2,6281630684,762376292,tinadickinson@farrell.com,Ralph,Schoen,46
3,2572577764,996643249,ottilieruecker@konopelski.com,Dylan,Schiller,46
4,7923022562,854151949,garnettvandervort@denesik.org,Darius,McKenzie,20
5,8130669834,127174938,bricekiehn@reichel.name,Jeanette,Gleason,27
6,8294235236,371331358,martinwaelchi@yost.io,Peyton,Ullrich,43
7,4466898146,725364984,treverarmstrong@armstrong.com,Keith,Altenwerth,46
8,5141285762,617066443,meghansenger@medhurst.name,Orpha,Wiegand,19
9,7572175948,326700513,viviengutmann@jenkins.name,Pink,Jaskolski,28
10,3926453797,653338325,everardoboyer@schaden.org,Amie,VonRueden,27
11,5391530459,389317584,ronaldoroob@waters.com,Brody,Volkman,44
12,4026221540,790666824,katrineschroeder@rodriguez.biz,River,Block,36
13,7331421052,502113762,michealsteuber@rolfson.name,Allan,Williamson,45
14,6802950467,186291588,lavernolson@gulgowski.net,Luciano,Becker,37
15,3293939816,258672788,hazelschmitt@rau.info,Rosina,Paucek,44
16,4275226778,766339837,majormayert@cronin.org,Mohammed,Schneider,36
17,6325811923,475976688,lexijerde@hagenes.com,Tristin,Kling,38
18,3037249372,223965880,amelieprohaska@hackett.info,Vivianne,Shields,27
19,7185087350,678237969,vallieharris@larkin.name,Kiley,Hessel,28
20,1968931749,633804898,lukasvolkman@green.com,Seth,Welch,34
21,4111891836,584959343,margaretfadel@botsford.info,Earline,Harris,48
22,3591031819,506475062,fordbeier@farrell.net,Bryana,Hahn,37
23,8729795824,273792723,minniekshlerin@hudson.io,Jayme,Paucek,19
24,6579779421,392765433,iciestrosin@hauck.org,Florida,Rohan,30
25,1476594843,878729735,vancejenkins@hansen.name,Yasmeen,Schmeler,48
26,8818460921,180114315,eldoraveum@sauer.biz,Tyrell,Rutherford,30
27,8840780371,449746030,scarlettgerlach@jewess.net,Holly,Torp,34
28,6611680425,351367109,virginievolkman@shanahan.io,Rita,Denesik,23
29,3647760025,185958330,addiemetz@hammes.name,Earlene,Boyer,48
30,8733020743,880775916,lucianowilderman@schimmel.info,Aniyah,Bernhard,26
31,4479305287,519371777,kyliesenger@wuckert.biz,Sienna,Flatley,50
32,2747333341,492804475,sterlinganderson@schiller.name,Percy,Dare,48
33,2303099077,293510224,paulinegutkowski@heidenreich.info,Ethelyn,Treutel,43
34,3423035203,203067313,catherinetillman@blanda.com,Andre,Morar,37
35,9595959697,855838162,myrtisdibbert@zemlak.org,Aidan,Glover,25
36,2961511233,389304926,dantearmstrong@mohr.info,Benton,Rau,43
37,8379881606,180576622,calliecremin@flatley.org,Mylene,Cummings,43
38,7976308470,810256733,jimmiebecker@nitzsche.com,Aubree,Leannon,42
39,4818305108,259967005,jazmyneraynor@gaylord.org,Fredy,Jones,40
40,2688259424,189306407,jedediahtrantow@stracke.io,Ervin,Wolff,36
41,9857833717,925436822,chestercronin@hauck.biz,Greta,Moore,35
42,9727059895,980005620,idellhamill@schultz.io,Isidro,Schmidt,27
43,5702177350,535864403,anaisrobel@rutherford.com,Natalie,Lemke,24
44,3795928598,126951151,genesiscormier@rodriguez.name,Evert,Skiles,18
45,2623691719,306277477,fayrunte@howell.biz,Charlene,Kilback,26
46,6656414545,420384643,naomicollins@morissette.name,Henderson,Feest,38
47,8481055699,914409737,davionlakin@donnelly.io,Jade,McLaughlin,37
48,5868889533,310977244,laurelkub@kub.name,Eula,Bechtelar,19
49,8327819676,255351093,renekihn@barton.com,Dakota,Johnson,22
50,7990182598,867770481,caleblind@simonis.org,Jesus,Murazik,27
51,4103355418,499243071,perryfahey@baumbach.io,Golda,Wyman,29
52,7465072706,966493487,emersonjohnston@brakus.biz,Kristian,Koepp,31
53,4108339543,830368530,angiebarrows@koepp.biz,Wilmer,Shanahan,40
54,1517731582,632298783,treygislason@jacobs.name,Cale,Swift,18
55,4037503329,594652767,kaykihn@von.name,Sylvia,Wintheiser,35
56,5621456529,207673887,everettestanton@goyette.org,Lennie,Blanda,40
57,8792832698,558772633,cheyennewatsica@stoltenberg.com,Jamey,Lang,50
58,5116518437,822527008,ruthiemueller@lang.name,Kiera,Klocko,30
59,3538494102,413501047,isaiasnitzsche@wolf.net,Ella,Hoppe,42
60,1732731180,247998835,isabellaking@ernser.name,Rowland,Legros,47
61,4770697627,133463744,sydnidooley@gorczany.info,Lindsay,Dietrich,26
62,9056925749,681264988,tianapfannerstill@mcclure.biz,Jabari,Osinski,30
63,2687601384,289170053,kirabins@parisian.biz,Amara,Dickinson,33
64,3465709662,410177374,sigridcollier@miller.com,Randy,Raynor,44
65,4550717839,208582687,zechariahgerhold@borer.net,Tatum,Goodwin,41
66,8075874991,595435105,justenfunk@hegmann.net,Franz,Bogan,33
67,6266462217,348794765,maximillianjohnson@howell.biz,Katheryn,Harvey,43
68,5549839959,662146868,lelahmorissette@wunsch.info,Delia,Hahn,35
69,1156884121,773226654,gerardoherman@willms.org,Teresa,Auer,39
70,4462761374,894511510,eleanorabins@walsh.org,Irwin,Bernhard,30
71,1684348901,704444961,dasiamarvin@thiel.name,Kale,Graham,20
72,4799182274,580477990,idamedhurst@cronin.net,Darion,Kuhic,30
73,5944598178,820142562,modestohomenick@crooks.org,Keaton,Krajcik,20
74,1763721387,107894379,hughturcotte@jakubowski.name,Chyna,Hessel,34
75,5302805168,724086771,vladimirkovacek@kutch.org,Abdiel,Barton,35
76,8966109439,790819588,otishuel@prohaska.com,Madison,Ebert,24
77,6051380988,521129071,antoninamckenzie@jacobi.org,Francesco,Macejkovic,36
78,7004158326,704949323,zoeyherman@bechtelar.net,Hilbert,Fay,34
79,2972478826,611062305,nyahaufderhar@langworth.info,Natalia,Barrows,18
80,9162166242,886127915,martyhoppe@wisoky.io,Kira,Greenfelder,43
81,1682941174,285410820,maggiekuphal@kemmer.org,Gillian,Dach,45
82,8612472309,522689926,erikakutch@dooley.info,Renee,Ebert,33
83,2273246528,920415562,lucyhauck@watsica.info,Lennie,Fisher,25
84,7028396969,901553197,dennishuels@barrows.name,Cicero,Frami,31
85,7226819895,860839727,billhaag@abshire.io,Delfina,Lehner,50
86,4539993679,820671374,zoeboyer@wolff.com,Reuben,Jones,19
87,4067241119,907250956,deliaskiles@metz.org,Gerardo,Huels,44
88,1803771726,279113268,jevonschultz@anderson.info,Ahmed,Kemmer,37
89,6672345323,215808861,pascalewill@olson.biz,Bell,Goldner,30
90,1887233250,918675619,cathymcglynn@keebler.info,Osbaldo,Pagac,33
91,7230036311,538925908,unaroob@frami.info,Catherine,Koss,39
92,1147674361,349776760,mabellehamill@mayer.org,Arden,Kling,23
93,8604383806,319508616,terrillhodkiewicz@turner.name,Wilford,Simonis,35
94,8530432562,491172536,lilianeruecker@nicolas.biz,Skyla,Erdman,26
95,6737325693,766345327,kimmedhurst@jenkins.info,Demetris,Gerlach,37
96,6642588141,544022537,evacasper@considine.org,Raven,Block,32
97,3213378366,193449850,orvalmaggio@homenick.info,Dale,Rippin,21
98,5291216324,411045010,daishajacobson@torphy.net,Fiona,Rodriguez,42
99,6731692152,168525371,yasmineschmidt@hegmann.name,Josefina,Abernathy,32
100,5110542851,396642225,edwinajohnson@klocko.net,Ashley,Langosh,42
101,5887129132,813786734,maeschowalter@paucek.info,Horace,Bosco,32
102,1462670006,174934231,alisaemmerich@yundt.info,Coleman,Okuneva,38
103,7695891658,206796475,aidaglover@goldner.org,Dashawn,Rippin,50
104,5111230404,587694487,gaymcclure@orn.io,Jasper,Harvey,50
105,9781728090,184420241,rickeystanton@huels.io,Ivy,Ryan,18
106,5003772885,733265537,freedawalsh@jerde.com,Dorris,Koch,41
107,6350151002,601302769,emelialangosh@leuschke.com,Stephon,Will,45
108,3742403982,399837177,romainegaylord@zieme.name,Crawford,Carter,31
109,8293222056,875078077,virginiaroob@walsh.com,Domenick,Bernier,41
110,9903272224,388160580,stuartrau@mclaughlin.io,Miracle,Abernathy,47
111,8651795693,260498941,lilyandoyle@hackett.info,Lilly,Wisozk,24
112,3703684179,517344090,estevanraynor@abshire.io,Ken,Herman,42
113,4387217709,731747757,lenorakeeling@paucek.info,Louvenia,Greenfelder,21
114,8309097910,691551925,bayleelittel@gottlieb.io,Edmond,Lehner,32
115,4953748348,672219463,britneyhyatt@monahan.com,Callie,Rolfson,48
116,5855071344,707739374,brookeharber@hodkiewicz.com,Polly,Pollich,40
117,2188737778,699778022,emmanuellecrooks@hills.io,Rebeka,Thompson,49
118,6075762701,352834832,wilhelmineanderson@nikolaus.org,Lue,Baumbach,24
119,6818435732,286488570,serenaschimmel@bednar.org,Rosendo,Rohan,19
120,5011594763,225513043,justicemann@nolan.name,Irwin,Torphy,25
121,7231274958,421643810,abigailswift@pagac.io,Rickey,Wilderman,45
122,5077671821,823843127,isaiashaley@mitchell.name,Brent,Klocko,21
123,9915494907,148678149,nadiadach@kuhlman.org,Natalie,Moen,47
124,5866301898,275361856,edmondnikolaus@jacobson.info,Jodie,Medhurst,45
125,3302131522,987429934,aracelyebert@keeling.biz,Dallin,Turner,43
126,6706160685,642793205,francescodeckow@heaney.info,Edwin,Toy,34
127,2043137986,990520088,anaismayert@ortiz.net,Keira,Adams,19
128,6037834664,149986000,ivoryruecker@hodkiewicz.biz,Edgar,Ankunding,29
129,7785252712,617780483,johnniemetz@schneider.org,Krystina,Dickens,33
130,6298521248,885054563,kathlynbode@schuster.info,Cristopher,Champlin,26
131,5167836084,248534661,ladariuspollich@fay.biz,Adrian,Feil,44
132,5364129997,814835365,enidlangworth@jakubowski.org,Marcia,Fritsch,36
133,2252786591,419858151,revadurgan@shields.org,Adelbert,Jacobs,31
134,7112532872,847609682,tannerkihn@ward.io,Jacinthe,Dietrich,31
135,1857425178,749043027,marquiscummerata@ledner.name,Rebekah,Mitchell,39
136,4700997045,915450328,eramayert@hagenes.com,Rachelle,Yundt,42
137,2798323421,241500450,micaelakerluke@hegmann.biz,Chad,Swaniawski,49
138,5065549200,411083572,ferneschulist@beatty.org,Orion,Hodkiewicz,22
139,3906729499,532390289,eugenefeeney@kunze.com,Selena,Metz,49
140,5480191387,639815081,abdullahbednar@thompson.net,Diamond,Kessler,26
141,2322473563,481927554,frederiquereilly@walker.io,Alyson,Maggio,18
142,7269009350,271849245,kathlyngreen@schiller.com,Keyon,Watsica,21
143,8267155637,329299843,baileygoodwin@fahey.name,Elian,Schuster,18
144,3397749785,871985275,jarredboyer@koepp.biz,Elvie,Parisian,23
145,8723383912,604520862,claudinemiller@prohaska.biz,Ara,Kautzer,46
146,9353100493,331483214,katrinegislason@prosacco.org,Jaquan,Miller,31
147,6857010638,340164111,sallieharber@medhurst.biz,Elmer,Shields,37
148,3772214236,363514607,stephaniacarter@rowe.name,Trent,Rogahn,33
149,3875927427,422982187,pinkiekautzer@kemmer.name,Abel,Sanford,24
150,7646447542,179127349,jeannefeeney@parisian.net,Michale,Koss,46
151,8129380312,948852464,donaldsatterfield@blick.org,Dena,Zieme,18
152,3031448682,644301346,havenwehner@spencer.io,Claudie,Lynch,35
153,9113856275,398673971,verdiebeatty@damore.io,Marcelo,Volkman,38
154,1120444335,647529505,deloreshowell@shanahan.info,Lillie,Lynch,42
155,5371783787,637004953,giakoss@feil.net,Precious,Stoltenberg,49
156,1052507366,199956713,mohammedbotsford@kozey.name,Mervin,Schuppe,36
157,5274881156,725544767,theodoreprice@stoltenberg.com,Lilyan,Keeling,41
158,6137771892,568288579,helgabednar@hodkiewicz.org,Keely,Schuster,29
159,2446443223,445462511,calelindgren@hamill.io,Alexandre,Christiansen,21
160,6888510140,609552506,amiyaryan@hodkiewicz.net,Skylar,Hintz,49
161,7292436078,204317297,bretthoppe@bergnaum.org,Rudy,Wisozk,21
162,8553007306,135331056,lowellmclaughlin@ullrich.com,Dominic,Daniel,26
163,5838100905,179737365,dannikolaus@corkery.com,Fannie,Balistreri,47
164,8974379328,431428771,fritzkihn@waelchi.biz,Emery,Mayer,28
165,8941539210,374062618,mckenziesmitham@grant.org,Marianna,Padberg,41
166,4189100618,901612819,leliahessel@lubowitz.org,Maddison,Terry,37
167,8560293002,662484959,sherwoodhilpert@stokes.org,Stevie,Lehner,49
168,6460445558,321555808,lucierosenbaum@effertz.io,Arlie,Kirlin,32
169,1935914798,376959760,marcellezulauf@streich.info,Hayden,Kohler,46
170,1083455765,691175515,manleyhane@durgan.info,Chadd,Ryan,21
171,3793398189,992033592,herminiojohns@lynch.biz,Elenora,Zemlak,44
172,1986864006,824911785,minahoppe@franecki.info,Leta,Hamill,48
173,1084531701,642051276,barneydenesik@rempel.io,Eloisa,Goodwin,21
174,4556235387,709806625,romainerosenbaum@mohr.info,Missouri,Torp,38
175,3409003172,765329214,billzieme@leffler.com,Marjory,Douglas,45
176,1933880224,534854520,carolannekemmer@hackett.com,Ardith,Buckridge,49
177,9145065232,116532879,hermannpowlowski@windler.io,Merlin,West,30
178,2656104847,403009613,eugeniabaumbach@nitzsche.org,Marielle,Pfannerstill,33
179,8703381014,709937178,rowanrussel@rogahn.com,Joany,Runolfsson,39
180,9461263597,409376996,alexandrabarton@maggio.net,Cedrick,Ward,47
181,2776300213,481773845,zanderziemann@keebler.org,Harmon,Bahringer,33
182,6907319891,825660822,aliyahgraham@davis.net,Jayde,Jaskolski,20
183,7932159541,965581162,dominichowe@sanford.biz,Josie,Homenick,34
184,5593381665,901283012,haliecassin@jenkins.com,Stevie,Bednar,30
185,4756045511,616647970,granvillehoppe@schimmel.com,Colin,Tremblay,35
186,1052149022,959718343,rachaelullrich@nitzsche.io,Bennett,Rolfson,31
187,6001904149,630877470,zoielang@heathcote.org,Alexandrea,Boehm,31
188,6381907814,916748983,maudreinger@ebert.com,Melvina,Lang,44
189,9221691285,427857428,aylasenger@jones.biz,Corene,Fay,44
190,6079645351,479963797,daviondurgan@harber.biz,Orval,Fritsch,34
191,4685295730,462436185,murraylubowitz@davis.info,Hallie,Kshlerin,35
192,1060837649,760051115,kathlynortiz@sanford.biz,Justus,Rolfson,37
193,3493402742,914125328,vaughnwilkinson@harvey.name,Valentin,Weimann,28
194,4073854850,313402603,marciacrist@schneider.com,Archibald,Grant,31
195,4820105545,566637068,rudymonahan@renner.info,Emelia,Keeling,48
196,8173456113,980625587,amirkshlerin@collier.biz,Sydnie,Monahan,36
197,5097362953,440383282,sethmclaughlin@turner.com,Piper,Miller,26
198,9566382832,747793989,kadendibbert@marquardt.info,Ariane,Schiller,44
199,5617675862,192809153,garthveum@tillman.info,Suzanne,Goodwin,36
200,1397777590,370082867,eliseocummings@gibson.info,Jaquelin,Runolfsdottir,35
201,7229768621,251391080,giovannawhite@vonrueden.name,Kiara,Hills,33
202,2613568601,429172406,marisakassulke@schiller.net,Jacinthe,Kuphal,21
203,3531916126,387563916,barneyankunding@kilback.info,Emil,Donnelly,40
204,7988224477,802188111,anahibosco@zemlak.name,Amparo,Kirlin,29
205,1046106501,440842628,kathlynhowell@jones.com,Wade,Nolan,40
206,5891717374,309683884,namefarrell@dubuque.net,Lorine,Russel,44
207,5630172299,599155316,stanrogahn@kuvalis.io,Heath,Gerlach,18
208,2722726254,306096414,elmoreschumm@walker.name,Kallie,Wintheiser,26
209,2139109658,243950276,alyshafriesen@jones.net,Gladys,Frami,33
210,6288122537,849521736,arnemayer@dach.info,Devin,Mohr,45
211,2847461733,372222247,fernboehm@nitzsche.io,Garfield,Crist,36
212,1117702195,649822415,leonardhammes@emmerich.name,Marina,Johnston,43
213,1886930274,348352456,alanhoeger@ledner.biz,Lloyd,Gottlieb,26
214,6064043118,305036863,beatriceryan@kunde.biz,Jarrell,Braun,47
215,3712856104,244205738,deronstracke@kilback.net,Lenny,West,25
216,3609557549,996898872,meredithlang@price.com,Sarai,Armstrong,22
217,2095733120,509859690,richmondtorp@morissette.info,Cali,Auer,27
218,8124543788,519635328,coralierippin@tremblay.io,Cecile,Krajcik,50
219,3938178731,129849998,reillydietrich@maggio.info,Kara,Schinner,29
220,8406513067,535042230,odiehansen@barton.com,Yoshiko,Stroman,31
221,4027528626,840090119,gracevandervort@ledner.name,Emelia,Kemmer,38
222,3098054969,636498873,nikolashamill@dietrich.biz,Ona,Koch,29
223,8611090722,120562872,fordwalker@wisozk.biz,Kyla,Connelly,21
224,5511426755,207817469,itzelbatz@bins.net,Dolores,Predovic,45
225,2578297390,958840837,oceanedavis@turcotte.biz,Brisa,Gutmann,19
226,5327417885,226430166,corinegutmann@johnson.org,Zander,Denesik,27
227,9530517912,899986064,eastonpaucek@tillman.net,Timmy,Gerhold,25
228,3547556501,458917820,murraykoch@harber.name,Allie,Kerluke,22
229,3652999468,369367299,fosterlueilwitz@baumbach.biz,Earnestine,Emmerich,39
230,6517550664,313003034,barbaramohr@crona.org,Lesley,Torphy,28
231,2177662920,989485632,fannybeier@kulas.info,Grant,Rowe,27
232,5230925069,989156396,stephanienienow@ullrich.org,Samir,Brakus,27
233,2954443925,882417009,mandyhomenick@cummings.com,Arnaldo,Emmerich,33
234,1402865922,723788208,domenicgerhold@corkery.io,Aniya,Rempel,27
235,7090556647,111188335,alejandramayer@walter.name,Juvenal,Hilll,50
236,1871898148,779456077,birdiekub@hilpert.biz,Marcelo,Batz,50
237,5094734501,609326775,charlenewilkinson@gerhold.io,Laury,Ledner,43
238,5314233419,899322592,florencetorphy@kuhn.org,Jolie,Nolan,29
239,3721067853,417029678,lawrencepowlowski@swift.org,Lorine,Howe,21
240,2785366039,220051352,rosaliamiller@torp.name,Sydney,Bruen,30
241,5131037129,493118972,ottohackett@windler.biz,Percival,Hermann,18
242,8839821387,675273160,rebekahlynch@howe.name,Roberto,Rogahn,44
243,8114561236,151808642,ewellstark@casper.org,Henry,Price,30
244,6997166598,694162570,ardenbeier@bergstrom.io,Geovanny,Haley,18
245,2544511494,796542032,jaquelinjohnston@glover.org,Rosamond,Frami,29
246,8915052208,595315802,carissalarson@jacobson.name,Onie,Tromp,21
247,1408624071,167287508,brennanorn@prosacco.net,Brianne,Dooley,26
248,6274023144,364164308,marjorieschmeler@abernathy.name,Zane,Marvin,25
249,7740637819,186591399,jennyferquigley@cartwright.org,Nichole,Klein,31
250,3288410257,792430008,lisandrojacobson@mitchell.net,Merritt,Treutel,50
251,4962664105,175680518,modestoterry@bogan.info,Leann,Prohaska,46
252,5070576225,547895053,alizeterry@cremin.com,Phyllis,Schoen,48
253,7747793441,192954218,montemedhurst@kihn.org,Emory,Schowalter,23
254,4358572550,120440903,kobedickinson@bechtelar.org,Dayana,Ziemann,42
255,5239551511,745787991,dewayneschroeder@rau.io,Elaina,McCullough,48
256,8752822794,774554448,tabithasmitham@hermann.info,Heber,Mosciski,22
257,4543092052,777799263,kolerau@johnson.name,Clement,Cassin,50
258,5992304690,705453714,edythveum@corwin.name,Eldridge,Thompson,29
259,2186360052,292992888,dollyharber@feil.biz,Elna,Boehm,43
260,1194932829,404671462,khalidmoore@fisher.name,Lesly,Rippin,27
261,5133754047,562357270,hoseawuckert@douglas.com,Donnell,Aufderhar,40
262,3113225555,636394084,kasandracarroll@wilderman.org,Alyce,Murphy,39
263,2031070496,432063515,shawnromaguera@goyette.com,Zackery,Gerhold,41
264,8310601856,563543571,daniellagreen@champlin.info,Valentin,Harris,20
265,7808381474,840755497,jaymegreenfelder@gottlieb.io,Jadon,Harvey,40
266,5375875430,948248645,evarau@mclaughlin.io,Rickey,Stroman,20
267,1699705389,451438825,alberthapredovic@von.org,Lonzo,Robel,23
268,7375307949,920074447,sebastianschiller@marvin.org,Francis,Ferry,22
269,1168943499,438101756,allisonturcotte@sawayn.net,Amelia,Aufderhar,45
270,9874102733,897200702,katarinamuller@murphy.net,Brian,Armstrong,42
271,8061961180,976096763,minervaschimmel@morar.net,Rahul,Cartwright,34
272,3228056627,547864632,nickkovacek@schowalter.biz,Rosanna,Kessler,36
273,7063542695,126417791,shayleepfeffer@macejkovic.name,Mohamed,Kuhlman,36
274,6139868627,159247289,lydiaskiles@macejkovic.org,Ashley,Bashirian,35
275,6637492651,621355140,cordellkessler@hessel.net,Fatima,Wuckert,34
276,7716692478,330025884,bobbieschmitt@white.net,Jan,Ryan,33
277,5962555010,543761911,izaiahkessler@nolan.name,Ben,Denesik,33
278,5014316552,321098351,agnestremblay@wilderman.com,Loyal,Bashirian,45
279,8735182463,491313022,jamilschinner@mayert.org,Melisa,Sporer,36
280,6468190917,733643250,jarrellgreen@wintheiser.biz,April,Murray,42
281,1127819260,785841375,tinabogisich@boyer.biz,Tania,Kreiger,33
282,6982031413,594716001,elsietromp@heidenreich.net,Karianne,Glover,23
283,2340829255,778641958,brainstreich@marquardt.info,Aubree,Rice,44
284,2945112923,971497547,ginogreenfelder@williamson.org,Haskell,Skiles,38
285,1910896876,240152588,hoperoob@ward.io,Arnoldo,Hoeger,22
286,8470649923,857368026,moriahlittle@little.org,Baylee,Goyette,18
287,4228478507,693627755,alvamoen@lockman.name,Austin,Mills,49
288,1770932168,900485674,rickymante@blick.info,Josefina,Wunsch,49
289,8917874039,981425569,lilyanpredovic@boyer.net,Dina,Boehm,25
290,6124430625,911221241,claudiawitting@runolfsson.com,Nicklaus,Braun,27
291,9233014463,485925410,levizulauf@schulist.info,Melisa,Kling,36
292,4365563525,613917099,josephebert@waelchi.net,Selina,Dietrich,31
293,3460492970,581588387,kobyrodriguez@lang.com,Jeanne,Howe,42
294,2019722237,729409993,maudegutmann@nicolas.name,Kristoffer,Brekke,36
295,1052658925,545005043,jeffreyquigley@bins.name,Wayne,Rutherford,38
296,5883762424,253786631,jenifertillman@kautzer.net,Diamond,Rempel,50
297,2949994494,335926962,dandrereynolds@heller.net,Alvis,Quitzon,45
298,9088547199,217831342,carakunze@abbott.org,Cale,Wiegand,23
299,1133554630,101275341,jayceekozey@schaden.net,Carolina,Berge,38
300,3974684743,805790220,juliakrajcik@hermiston.name,Summer,Moen,30
301,4235863055,417499371,kassandrabalistreri@heaney.info,Leonora,Rempel,44
302,3342805511,131891378,deborahbeer@langworth.biz,John,Ratke,35
303,4714295892,168874247,rosamondkoepp@hyatt.biz,Scot,Russel,42
304,8207190133,464863035,altaleffler@corkery.info,Gerard,Strosin,31
305,8558943041,970579431,mikaylasmitham@price.name,Ethelyn,Ratke,33
306,4785968190,887091564,rhettbailey@gaylord.name,Vito,Mueller,42
307,4906193577,432780073,merlinrohan@halvorson.info,Geovany,Little,46
308,1071982511,562819752,tonibechtelar@moore.io,Maritza,Lebsack,50
309,2086713250,123832513,garrisonhartmann@schmeler.info,Elvera,Fritsch,24
310,6515778207,335116123,perrycorwin@parisian.name,Cristina,Harvey,50
311,1589187754,587461569,roslyncummings@stanton.net,Thea,Kautzer,47
312,5398253693,777079754,ebonygerhold@beatty.org,Herminia,Osinski,33
313,8371486382,404747126,lukasokuneva@hagenes.info,Nelda,Lockman,27
314,7993499875,349775854,anakemmer@pollich.net,Jermaine,Weimann,31
315,5128375428,555295647,estrellagreen@gutmann.biz,Hailey,Quigley,30
316,8975383333,824621720,kaceykunde@satterfield.org,Richmond,Medhurst,31
317,4994486978,917588168,lialemke@spencer.net,Cleta,Brekke,33
318,2448254088,344782757,devencummings@hessel.info,Pat,Turcotte,35
319,9213993636,912160364,josefajewess@turner.biz,Terrell,Kutch,29
320,4871053851,220172792,gagejohnson@wunsch.info,Shanny,Rice,44
321,9952663650,335592136,kelsiebode@donnelly.biz,Nathaniel,Lebsack,22
322,9720490231,132898083,lindamckenzie@raynor.com,Karson,Nader,46
323,6835191535,721750386,mellieswift@shields.biz,Kyle,Robel,30
324,9656032443,418970622,bennettbartell@kuphal.io,Sherman,Reynolds,39
325,8167061732,138271801,calliegorczany@mante.io,Gina,Zulauf,41
326,4214546033,355429788,douglasabernathy@nolan.info,Leonel,Rau,42
327,2600650295,896791721,emiedickens@sporer.io,Brook,Quigley,49
328,5191124857,147910912,arlenevonrueden@bartoletti.net,Norberto,Marquardt,27
329,4776168636,755825955,kipgrimes@larson.biz,Darion,Balistreri,45
330,5734374907,823311743,damienconroy@cremin.com,Jasen,Bednar,24
331,1524264854,235998985,bellakub@gleichner.com,Kailey,Damore,33
332,7139587992,252262091,fridajakubowski@schmidt.info,Mikel,Ward,47
333,7152044865,952087421,karistoltenberg@kihn.biz,Doug,Muller,29
334,2787538055,222777681,salmabechtelar@wehner.name,Brandi,Boehm,21
335,4200879833,779284244,brennonpagac@steuber.biz,Nicholas,Littel,47
336,3815870657,684502167,maximusjaskolski@connelly.biz,Monroe,Ward,31
337,9038462251,508618364,kingprosacco@bahringer.com,Davonte,Kulas,47
338,7404328107,911271908,marcellaondricka@emard.com,Aniyah,Ziemann,22
339,1209219528,467061185,anselschaden@walter.org,Arjun,Halvorson,30
340,7768201972,496626884,ramiroschmitt@bauch.io,Mellie,Kshlerin,24
341,6849286365,629142646,jevonbeatty@mitchell.com,Lizeth,Bruen,38
342,8104862060,306318005,gaylordvonrueden@kerluke.info,Kianna,Cummerata,21
343,9100575037,383468802,isaidoyle@zulauf.biz,Jessica,Lehner,42
344,3839402240,185116644,arvelheathcote@waters.info,Roxane,Lubowitz,34
345,1024719262,128658579,jeffrymohr@collins.info,Scarlett,Runolfsson,28
346,5849568104,700915031,jayderuecker@kozey.net,Johnathan,Mitchell,30
347,9804837336,661024066,harmonvonrueden@bradtke.name,Easton,Gottlieb,34
348,6783455786,844116580,eliseoeffertz@padberg.net,Spencer,Wisozk,47
349,2118730768,998489888,gunnercummings@bradtke.org,Melisa,Medhurst,32
350,9970334599,834614071,eunahand@hickle.info,Maxine,Olson,19
351,1049603574,174542699,lamontmarks@greenholt.name,Kristina,Hermiston,49
352,5664025486,903497399,jaspermccullough@hilll.io,Jennie,Botsford,39
353,4031618318,981923954,floyhermann@bode.org,Alejandrin,Dicki,32
354,3029251888,892673979,vivabrekke@connelly.com,Camryn,Damore,43
355,8354556584,170067548,lenoragerhold@terry.net,Gaetano,Bednar,42
356,7291035727,517299403,anabeldurgan@conroy.org,Amy,Boyer,29
357,9239604634,358708063,daniellemiller@kertzmann.org,Brook,Erdman,22
358,4416864162,882734781,buddyhartmann@runolfsson.io,Haylie,Kshlerin,19
359,9835814973,271033568,isabelmertz@hilpert.net,Providenci,Wisozk,47
360,5722788191,889655170,jamarcuswalker@purdy.com,Tremaine,Goldner,31
361,6284602116,791492929,wainokris@reynolds.net,Haskell,Senger,48
362,8102310570,647996516,christopheconn@bins.io,Kaia,Blick,24
363,2769825652,940802889,jammieshanahan@sawayn.org,Annabell,Wilkinson,39
364,8359455300,895068864,fredericbrakus@aufderhar.net,Dave,Reynolds,47
365,5481813329,666387429,deltakuhn@fisher.biz,Felicity,Breitenberg,42
366,7719701341,393879906,christopadams@kiehn.io,Madisen,Douglas,32
367,5406657115,819049097,dejuansawayn@brown.biz,Jevon,Bahringer,30
368,6290238533,959248374,connieborer@mosciski.org,Terry,Hahn,36
369,4371996307,485204512,andrewwaters@rogahn.org,Chyna,Kunde,32
370,5120715352,956418166,claudecartwright@becker.io,Jessy,Block,42
371,6281307209,533214030,josiahbruen@heaney.com,Wendell,Bashirian,20
372,6567486252,710814616,augustinenitzsche@braun.biz,Mathias,Von,22
373,8332149041,685482610,maureenpaucek@cronin.name,Marianna,Dickens,43
374,8823336678,814168457,mableemard@durgan.org,Laurine,Parisian,48
375,4949959099,791853942,juliehaley@olson.io,Erich,Grant,42
376,7024920326,231330131,eileenhessel@kshlerin.io,Gertrude,Swaniawski,41
377,8552694638,591872544,rafaelaklein@howe.com,Dorothy,Hoppe,34
378,2001852437,395206996,rashadjewess@sanford.net,Reba,West,40
379,8347790739,376175426,jaylanadams@jast.biz,Gustave,Herzog,46
380,2931289397,120767414,tressaparker@quigley.info,Joanie,Wolff,19
381,7795194418,762472638,hughhowe@sawayn.name,Chandler,Fay,24
382,8513473477,733607738,haileyrunolfsdottir@crist.info,Natalie,Parisian,50
383,9845224781,234083508,rozellaprice@welch.org,Jaquan,Lindgren,37
384,5471159067,322404502,bryceankunding@cummings.biz,Mortimer,Luettgen,28
385,6327042637,888694708,madisonschroeder@torphy.name,Everett,Donnelly,22
386,1279414852,679568595,camronmcclure@krajcik.com,Peyton,Abbott,28
387,5129109205,464233460,guycole@koelpin.com,Thea,Brekke,42
388,7305984345,251256078,tannerprohaska@stoltenberg.biz,Dallas,Bayer,35
389,6283457921,335878515,leonardograham@mcglynn.org,Cleveland,Pagac,41
390,6296534423,161463225,rahsaanbechtelar@metz.biz,Nash,Harber,45
391,5515457293,637699908,demariohudson@jast.org,Trevor,Wisozk,40
392,6439586685,678498096,terrilllangworth@mcdermott.org,Clement,Jerde,30
393,7140481522,648248923,jeffreyconroy@mckenzie.io,Marlin,Denesik,30
394,8746649029,940597646,torreybaumbach@gleason.net,Houston,Schmitt,32
395,6043100021,781008068,benedicttorp@prosacco.biz,Theron,Champlin,23
396,4775548763,111578480,raypurdy@jacobson.net,Barbara,Larson,50
397,6748796819,268471742,carsonlarson@miller.biz,Milo,Lueilwitz,21
398,4035475296,700090295,jadonnienow@marquardt.com,Woodrow,Botsford,40
399,9574656395,249759567,melbafeest@howe.com,Kaitlyn,Turcotte,27
400,2446479200,734753740,aronherman@thiel.biz,Hermann,Schmitt,24
401,2698603081,506040598,angelalabadie@mccullough.info,Noah,Leffler,22
402,4918689721,738068618,daphnegottlieb@kling.info,Curt,Denesik,31
403,4391784855,943473752,meagancassin@wiza.com,Justen,Friesen,18
404,7378916052,461941667,brendanemmerich@murray.com,Garnet,Johnston,49
405,3790795222,321303875,alishakoelpin@wolf.name,Maribel,Lindgren,47
406,1851196991,453365613,jayceheaney@harris.com,Cicero,Cummings,35
407,1339629662,974896595,eunakuvalis@wilderman.io,Connie,Sauer,34
408,7766484215,582224658,madonnahomenick@davis.info,Raegan,Bauch,34
409,9939113364,775772890,billiewolff@mante.com,Nella,Johnson,43
410,8791988302,177225769,nedradubuque@kirlin.io,Sabryna,Russel,45
411,1039296897,918199148,eliezercrooks@carter.org,Wyatt,Kemmer,50
412,4764270999,300831626,glenniekozey@casper.biz,Russell,Aufderhar,30
413,5440125918,411365657,alvismoore@bradtke.name,Nellie,Glover,48
414,2484154769,326590577,daytonwalsh@doyle.org,Davon,Swaniawski,34
415,1107130717,238423266,carolannecassin@greenfelder.info,Claudie,Crooks,33
416,7427617732,325697503,skylacole@schulist.net,Arnulfo,Cronin,44
417,9068926401,115386798,mariliehamill@monahan.name,Ryan,Klocko,30
418,4161690249,519476671,maudiebeatty@nader.info,Jonatan,Hermann,39
419,9473946018,534980873,leanndubuque@haag.info,Tony,Boehm,37
420,5440442711,413378838,esperanzagraham@wisozk.com,Brionna,Tremblay,50
421,2695969938,880267681,jeanemard@tremblay.name,Karianne,Hessel,29
422,3418994984,545432952,geraldineconroy@rippin.name,Jimmy,Blanda,45
423,1644419814,928441468,vaughndooley@prohaska.info,Rickie,Miller,40
424,3601161407,328248142,valeriehammes@bechtelar.net,Melvina,Lockman,38
425,2146443245,706825880,reesewilliamson@zulauf.biz,Mossie,Gusikowski,48
426,1875884436,395682834,winonabuckridge@ankunding.io,Melyssa,Denesik,40
427,1157843897,230719412,cecilpredovic@heidenreich.info,Samir,Balistreri,32
428,9661113944,559444336,marilynestrosin@mills.biz,Darren,Okuneva,49
429,6405532757,691662769,abigailjenkins@wisoky.net,Florian,Christiansen,18
430,8373871507,162711298,patriciachamplin@friesen.org,Christina,Lindgren,31
431,3603672874,471433458,jadonarmstrong@terry.io,Urban,King,20
432,1737123822,845986177,delbertdooley@kozey.net,Hertha,Schroeder,29
433,5492015868,184380479,maritzastracke@morissette.com,Gerald,King,42
434,8541598011,910196002,deangrady@hickle.info,Candida,Mayert,41
435,2279169414,645847597,citlallileffler@nikolaus.org,Norbert,Weber,43
436,3312542476,259281223,daneoberbrunner@schimmel.net,Jeremy,Klocko,18
437,6012512656,479325438,jeffpadberg@graham.org,Celestino,McClure,43
438,6556587246,668081866,laceypadberg@weimann.info,Jonathon,Macejkovic,47
439,2732052279,588027707,tracycorwin@pacocha.com,Finn,McDermott,34
440,6518457835,618241224,luiskemmer@heller.com,Kasandra,Halvorson,45
441,8154114938,398097216,aubreewilkinson@langworth.io,Maximillian,Gerlach,40
442,8445503306,550238141,garnetferry@smith.info,Hayley,Kilback,33
443,1705060375,627722007,paolobaumbach@wintheiser.net,Reagan,Hermann,36
444,3021322526,400840690,andreannekutch@frami.com,Kelton,Torphy,45
445,8007864621,736853647,waldoondricka@paucek.net,Orin,Johnston,28
446,5160699108,626223361,gildastehr@heathcote.net,Ron,Osinski,19
447,4618978203,300407145,madisynlangworth@klein.io,Abner,Thompson,37
448,8387714303,308818217,rudyveum@treutel.io,Anibal,Lubowitz,49
449,7520920862,942695205,estherrippin@towne.net,Maybelle,Veum,21
450,7345656581,876228483,valliepaucek@quitzon.name,Camille,Rice,50
451,6966646343,719138113,gregorykulas@glover.info,Ernest,Hauck,28
452,2569324151,786123741,melanyjohnston@cronin.io,Jennifer,Spencer,22
453,5311617824,715187687,dantelehner@bernhard.info,Ellen,Braun,49
454,1103438857,770982929,busterwisoky@rau.name,Cade,Gleichner,47
455,2299913224,462792309,leopoldobaumbach@parisian.io,Mallory,Baumbach,45
456,8913493555,649868105,marionboehm@kihn.name,Gus,Kohler,38
457,2758708952,620191054,tierrasipes@barton.name,Peggie,Bernier,36
458,4708183320,351780851,sabrinaharvey@quigley.info,Lori,Larkin,45
459,6398289279,618540114,rigobertokuvalis@luettgen.info,Kelsie,Schmeler,23
460,6883578034,431378638,orlomacejkovic@altenwerth.info,Roma,Bode,45
461,7469054929,182165277,timmygleichner@runte.org,Francisco,Ortiz,20
462,3417819368,111226934,jettsatterfield@miller.io,Demarco,Brakus,35
463,9993257065,869923363,lavadastark@rath.name,Arnold,Hackett,46
464,1995358221,397991630,tinagleason@wintheiser.io,Gunner,Nitzsche,49
465,5894480205,467528203,felixkovacek@turner.biz,Freda,Weimann,26
466,3758954164,118680595,emiliakub@kuhic.io,Pedro,Price,34
467,9463186065,175894251,karianebeahan@wiza.info,Marcella,Wuckert,20
468,2955133209,677368300,nelsbraun@cummerata.biz,Elyssa,Reichert,26
469,1315570415,550247885,drewroberts@rau.com,Owen,Koelpin,31
470,6823677039,485100767,natconroy@blanda.biz,Johnson,Johnston,38
471,4170062089,647773256,ressieosinski@yost.name,Einar,Pagac,47
472,5488202520,882297802,gracemetz@stehr.org,Hope,Abshire,23
473,6489305092,573381489,kenyonkozey@cartwright.name,Julius,Waelchi,27
474,7369678563,133556178,madelynnsauer@stamm.io,Dell,Mitchell,33
475,5421873652,198130948,hopemorissette@heathcote.io,Dane,Mayert,26
476,8174843602,778369406,americahamill@murazik.name,Troy,Veum,23
477,5817903592,628726735,mistyfeil@reynolds.net,Dimitri,Adams,33
478,3656089723,319621430,niaschuppe@dibbert.name,Gay,Smith,33
479,8070864819,519024034,anguscronin@streich.io,Jordane,Schmeler,29
480,8894095285,931732444,eloisaflatley@ruecker.biz,Lucas,Mann,43
481,6290062260,693738824,rahullegros@legros.com,Judd,Bauch,40
482,8315525649,293504510,alenaprosacco@lubowitz.com,Odie,Berge,38
483,9102940959,208841671,jalonheathcote@kertzmann.info,Quincy,Conn,31
484,5318221273,440128910,walkercruickshank@bernhard.com,David,Kiehn,47
485,3288355872,971838934,weldonhand@murazik.io,Kaitlyn,Will,49
486,1656071951,455465566,janisjohnston@cummerata.biz,Maci,Brown,32
487,3656777076,497578177,brendanlarson@howell.name,Simeon,Bernhard,35
488,1428570931,478989654,pattiehintz@lebsack.io,Ena,Dietrich,39
489,7317258376,757844913,dejahdubuque@greenholt.com,Maggie,Purdy,30
490,3603977599,399785875,corinebalistreri@hane.com,Carole,Johnson,47
491,4253830324,990409481,kaseytrantow@stark.io,Seamus,Gusikowski,37
492,7597978699,158930994,vivianehyatt@veum.info,Renee,Barton,19
493,5045009766,616507801,howellfeeney@walker.org,Heath,Erdman,46
494,8020070353,893291689,aishaweissnat@cartwright.name,Skye,Mohr,31
495,7400757590,305475346,germanbrekke@halvorson.biz,Lavern,Williamson,38
496,1553306986,437005065,rhiannonkihn@ward.info,Elvie,Crona,23
497,6409416830,895644634,everardocrona@deckow.io,Kieran,Schoen,43
498,3984472346,923611971,jeniferpredovic@kiehn.net,Hyman,Schaden,19
499,1135301586,470964481,adrianolson@bahringer.info,Aurelio,Dare,50
500,2458577848,863885602,natalielubowitz@blanda.com,Elfrieda,Mueller,43
501,8958007873,166883945,haleighboyle@zieme.info,Nicola,Rolfson,44
502,4018388824,612061878,eugenebechtelar@goldner.biz,Lester,Kemmer,38
503,5143640557,300846693,arvillalittle@boyle.info,Camden,Lakin,23
504,7239692357,574165253,daxbreitenberg@mayer.net,Saige,Cummings,23
505,9783379616,634433494,kendallgoodwin@price.com,Jaunita,Konopelski,29
506,6734497899,746914284,hubertwiza@miller.name,Coleman,Gibson,35
507,2462343866,884036374,emieking@paucek.com,Ethel,Flatley,21
508,9565646118,372082244,maymielemke@bogan.com,Marilie,Kautzer,42
509,8766239038,402174609,aidanhauck@lehner.info,Enoch,Berge,48
510,4555422787,663403116,lelahmorissette@walker.net,Norbert,Lang,33
511,2024182804,993479516,jakaylafeest@bahringer.biz,Vivienne,Durgan,39
512,1410172489,138534969,dawsonwalter@johnston.name,Audra,Funk,24
513,9331824508,427316012,monserratefeeney@kohler.info,Lisette,Hayes,38
514,8663495430,805091332,georgereichel@eichmann.info,Danielle,Waters,26
515,3031744416,721632415,myrtleyundt@cremin.biz,Telly,Rice,29
516,2005309178,511688904,luellahegmann@murphy.name,Delfina,Huels,46
517,8114285820,700102432,javierokuneva@quitzon.info,Jarred,Rath,48
518,1373645548,858662749,elenorastamm@kessler.biz,Verdie,Dietrich,46
519,2953520884,666160786,trishagislason@spencer.net,Tyree,Lind,36
520,3299871212,943772017,rosaliakunde@roob.net,Kolby,Rodriguez,50
521,1250487966,757234620,chasityrempel@wiegand.info,Susanna,Cummerata,40
522,9243468988,863758583,briceadams@fritsch.net,Lindsey,Huels,32
523,1834859414,609550805,olehuel@emard.net,Dorthy,OReilly,28
524,4435603562,367753164,jilliankirlin@gusikowski.info,Lisandro,Deckow,21
525,9072176610,922720132,russlarkin@borer.com,Malachi,Johnson,42
526,3826739006,821631405,grahamtillman@satterfield.name,Armand,Homenick,25
527,4981149539,495437396,ashtoncollins@blick.org,Mazie,Howe,26
528,8792862271,717298575,zettaskiles@grant.name,Dario,Ritchie,28
529,6359757454,401634147,katlynmayer@bogisich.com,Irwin,Thompson,48
530,4813214138,258053518,darrylweber@hayes.org,Keyshawn,Wisoky,31
531,3018212430,451278050,tomasreichel@leffler.io,Neha,Harber,26
532,6863233204,985913123,juliengusikowski@walter.org,Ethel,Kessler,29
533,2532664815,229672393,jessikanolan@bailey.name,Soledad,Jacobi,23
534,7581781654,795664937,keshaunkautzer@cassin.io,Alivia,Durgan,32
535,6904770923,877536598,ludievolkman@bernhard.biz,Oren,Gutmann,21
536,8207145608,631173103,conradbauch@botsford.info,Rodrigo,Stiedemann,36
537,3423255369,318674225,virginiahauck@bahringer.com,Ally,Murray,23
538,7580242099,897067777,jacklynzboncak@auer.biz,Laverne,Breitenberg,23
539,3239958425,566342438,josefakuphal@koch.io,Ivy,Hauck,27
540,5497288963,128290966,forrestconroy@wilkinson.info,Melany,Windler,20
541,6150247663,822169770,bettiekunde@boyle.net,Jackson,Schimmel,40
542,1749795085,284490290,julienlehner@rowe.name,Enoch,McGlynn,38
543,6560157486,196406739,destinydickens@harris.org,Noe,Murphy,41
544,2948517613,271248746,elizadurgan@koepp.com,Margarett,Yundt,29
545,2671386155,235694323,raquelbrakus@kuphal.name,Minerva,Pollich,43
546,5213402430,202553508,aubreelockman@nolan.info,Kendrick,Kuvalis,37
547,1349127861,358555744,kaiaroberts@casper.com,Cooper,Lubowitz,28
548,6081476126,172170026,miraclefeeney@hilpert.com,Britney,Doyle,34
549,1134465375,228090666,oswaldraynor@gorczany.io,Darrion,Koelpin,21
550,5355053268,714526589,eleonorehermann@halvorson.io,Kavon,Pouros,20
551,7383215251,517702087,henriettegibson@gleichner.io,Dock,Tremblay,34
552,3694836073,543872278,kierancassin@becker.name,Declan,Veum,23
553,2612906535,390988907,clementinehagenes@green.info,Adele,Stehr,40
554,9668340444,734458227,kennethkris@schaden.net,Simeon,Crist,31
555,5438899847,921512751,providencibailey@greenfelder.name,Marlene,Marks,38
556,1489701650,423229420,goldenjenkins@schaden.biz,Willa,Lowe,26
557,3290135852,391539021,kenyaortiz@johnston.biz,Wilton,Gerhold,48
558,6939522333,463049699,percyboyle@beier.net,Mafalda,Cormier,20
559,5784206221,425633713,jordynwehner@lehner.net,Aiyana,VonRueden,48
560,4894231375,858978420,hopemarvin@nienow.info,Mae,Parker,33
561,9709438514,779060676,clementinamurray@sawayn.net,Dorothy,Hayes,25
562,7861998053,766712329,robertturcotte@robel.net,Garnett,Greenholt,20
563,8752763400,648527645,jeanhickle@prohaska.biz,Ericka,Padberg,46
564,1624796777,154676873,darylcruickshank@mante.com,Ellsworth,Murazik,21
565,3612728827,993378461,reynoldbreitenberg@jones.io,Graham,McDermott,45
566,9492866131,538494047,allengerhold@herman.biz,Darlene,Thompson,27
567,3285217448,654877861,ivorygleichner@huel.biz,Karlee,Mitchell,48
568,9876691404,375532316,alexierunolfsdottir@corwin.info,Cleve,Heidenreich,19
569,6907605459,158455268,charlespfannerstill@wunsch.io,Stefan,Schulist,36
570,6309508470,473076367,eugeniapaucek@moen.biz,Nigel,Smitham,22
571,2368143442,266927808,ritabernhard@feeney.com,Sallie,Daniel,50
572,5421352924,659326995,demarcuseffertz@ullrich.io,Darren,Wyman,38
573,8074349742,937070279,maggieondricka@schumm.com,Maximo,Wolff,39
574,2288197716,672429075,beulahdurgan@walsh.biz,Verlie,Kunde,46
575,4813026251,540902457,judymarquardt@lakin.name,Kylie,Kovacek,27
576,3610434359,680338122,humbertotremblay@kreiger.org,Rosie,Gerhold,35
577,5807000226,821003419,gregoriaspinka@borer.net,Krystina,Yost,30
578,2953727864,554140580,meredithkunde@towne.io,Harvey,Lang,21
579,2743591429,702814205,rethabruen@lesch.name,Mckayla,Buckridge,37
580,4866563952,670427064,annabelmurazik@corwin.biz,Remington,Wolf,18
581,4430320083,569863600,keshaunward@lemke.com,Jerel,Murray,38
582,2850812364,786233789,marlonmorar@brekke.io,Gerhard,Dickinson,23
583,7754629573,553416235,linwoodschaden@treutel.biz,Jeromy,Jenkins,18
584,5905477985,509135576,johnnykuhn@ziemann.org,Tad,Larkin,28
585,8535711492,179078452,susanakutch@friesen.com,Ransom,Lubowitz,43
586,6732494702,979686352,daishaleannon@wyman.io,Myrtice,Yundt,49
587,3203544511,352625411,narcisoheidenreich@tromp.biz,Carli,Harris,37
588,4144774924,311818674,aleenmarquardt@buckridge.com,Carol,Greenholt,44
589,4487627323,313040982,khaliltreutel@smith.com,Bridget,Schowalter,31
590,5636417130,573712845,sadiebarton@kerluke.com,Blanca,Lebsack,23
591,6144547785,512784838,hudsonbosco@erdman.net,Trever,Heller,50
592,1805455892,759050213,jazmynrath@schiller.com,Hadley,Spinka,39
593,4392859159,324496505,celiamueller@collins.io,Garry,Stoltenberg,35
594,4848619150,718408312,adellkohler@collins.com,Hipolito,Ward,41
595,4025811517,493326116,nasirleuschke@schmidt.name,Emilie,White,23
596,9097182026,118256933,orlohowell@kiehn.info,Laney,Okuneva,48
597,3842367185,648348113,verliekuvalis@auer.net,Zachariah,Becker,45
598,9292872880,651998482,braxtonhaag@schumm.name,Aisha,Kling,50
599,2660551455,156134803,billprosacco@kuvalis.com,Cathy,Runolfsson,21
600,2803695826,469713799,brentjaskolski@koss.info,Rachelle,Langworth,32
601,6838553254,222898069,adelehagenes@wilkinson.name,Callie,Watsica,48
602,4760066778,691468947,otiliaschoen@emmerich.io,Forrest,Rau,37
603,8479133386,832939718,elsahowell@spencer.biz,Korbin,Ankunding,21
604,2596410182,372550024,lizafriesen@morissette.biz,Margarette,Barrows,26
605,4253136535,213122549,abbigailsipes@homenick.net,Nelda,Hoppe,41
606,8643248158,392960755,elizabethmraz@reilly.org,Julius,Williamson,45
607,9722953815,472208402,sonnymurazik@kris.org,Mariela,Moore,23
608,5986799890,862654621,mayatromp@buckridge.info,Dusty,Wisoky,50
609,4133798895,163262311,kenyonhowe@beahan.com,Yesenia,Braun,41
610,2485553082,273402669,susanoreilly@armstrong.io,Godfrey,Leffler,41
611,2444321274,826189731,luciomarks@goodwin.name,Beatrice,Terry,25
612,7315309537,619180215,eleazarlowe@lueilwitz.biz,Muhammad,Dickens,34
613,7522514674,657297177,andreanecruickshank@littel.com,Amparo,Wisoky,43
614,2994034656,163279580,bridierath@cummings.org,Blair,Sporer,18
615,8120444127,796794627,wilberbeer@grimes.io,Gavin,Wolf,39
616,1225062876,537230249,fabioladenesik@gutmann.biz,Jed,Larkin,40
617,9540592418,666864439,abnerjaskolski@maggio.name,Clemens,Kozey,25
618,2938332187,774834405,melynaankunding@hoeger.com,Renee,Moore,30
619,6930208909,951220326,leonorspinka@waters.biz,Bertha,Hayes,31
620,1783000530,119244356,bridgetgislason@mann.net,Nellie,Weimann,25
621,8495740543,606922567,helmervonrueden@quigley.info,Rubie,Walter,28
622,9750970555,151035503,rodrickstark@bechtelar.biz,Harrison,Schinner,19
623,9374352480,426197584,vicentapollich@lehner.info,Lynn,Dare,31
624,5361546725,691137251,emeraldbogan@goodwin.com,Ricky,Schumm,50
625,4374498738,555738940,lillianapfannerstill@bogisich.com,Orion,Kihn,28
626,4281703078,234455398,loygaylord@stroman.org,Jose,Kuvalis,28
627,8072248529,823076442,garfieldconsidine@boyle.org,Frances,Reichert,29
628,7461315980,434291210,stefaniemurazik@anderson.io,Hazel,Lowe,42
629,3048364218,354498023,kathrynerempel@hettinger.com,Dolores,Flatley,37
630,3148054836,807620500,fridaeichmann@oberbrunner.com,Jayson,Damore,34
631,9185717941,160500768,leegorczany@kshlerin.name,Rosalia,Boyer,49
632,6360664292,397282244,sethullrich@ruecker.info,Chelsie,Prosacco,28
633,9108128526,598107264,hughdietrich@kuhlman.com,Jessika,Jones,21
634,6225689930,642532676,dariohane@damore.org,Erin,Stark,30
635,2625894045,216517702,aramorar@koepp.biz,Jada,Eichmann,18
636,9908871012,968193591,lesterleffler@friesen.com,Nathen,Macejkovic,36
637,7468945984,347869570,leonelgoldner@mayer.com,Evelyn,Ferry,46
638,5397557102,969564882,timmygrant@bayer.org,Jerrold,Dickens,31
639,7716986603,565765946,willielangosh@hammes.net,Ari,Mueller,25
640,3099620661,119095102,savanahflatley@wolf.com,Telly,Harvey,29
641,3535599601,457417241,grahamadams@gorczany.name,Cydney,Gleason,48
642,8434160901,535393754,kentonmohr@cummerata.name,Clay,Braun,34
643,7941925907,452398658,annetteskiles@schroeder.biz,Granville,Sanford,27
644,6066791438,942966944,demarcusmann@schuppe.info,Ulices,Kuhn,19
645,2370241901,406292623,lisakeebler@bogan.com,Giovani,Hermann,43
646,6723709410,698923441,lavernawisozk@kiehn.com,Westley,Botsford,48
647,1238593704,188864739,erichcronin@ziemann.name,Kasey,Davis,25
648,7653817349,874870797,blazecorwin@koch.info,Ibrahim,Fay,20
649,5256502503,722795537,williamlesch@bergnaum.biz,Wilber,Rempel,31
650,4160423051,946499021,marcosdickinson@kozey.com,Anjali,Runte,20
651,4952664880,731556516,madisynreichert@cormier.info,Verda,Friesen,42
652,7331739864,419549209,kayleywintheiser@heidenreich.org,Maxie,Hermiston,27
653,5658524883,511528561,verniequitzon@nader.name,Lempi,Barton,23
654,8533345626,905746179,quentinledner@stroman.name,Kennedi,Turner,27
655,6146103912,353782502,maryamkunze@jewess.com,Estrella,Terry,29
656,7272281765,603894972,joshuawolff@davis.io,Kaleigh,Mann,34
657,1789651324,351943129,krisherman@robel.com,Roberto,Heaney,34
658,7006106636,307540909,letitiagrimes@miller.com,Allie,Legros,46
659,8861324127,310826726,coltenturcotte@durgan.com,Ada,Schroeder,24
660,7114950434,993531761,alexysgerlach@mraz.com,Zion,Considine,44
661,5639663946,544071456,rudolphhodkiewicz@erdman.org,Charley,Bernhard,24
662,1060696572,239237043,ardithondricka@grimes.io,Hester,Wisoky,20
663,4217453081,206012056,enricolesch@weimann.name,Kelly,Schimmel,18
664,6801833507,538981881,demetriushodkiewicz@schroeder.org,Eula,Haag,41
665,4335218081,860062285,yoshikogoodwin@herman.org,Carlotta,King,42
666,5539393858,668974665,milobalistreri@schulist.name,Elenora,White,40
667,7153134787,527098088,annaliseglover@krajcik.biz,Fletcher,Jewess,46
668,3715632632,419267489,johnnierau@thiel.name,Franco,Mohr,25
669,9797057191,192822737,gregkeeling@block.info,Norbert,Hahn,47
670,7625228460,934374564,adamcremin@boyle.biz,Abigayle,Daniel,20
671,3841549383,762762761,nikkostiedemann@ruecker.biz,Princess,Legros,46
672,6055650070,381582741,rosannatoy@tillman.org,Lelia,Grimes,40
673,3580909986,404564353,dorotheaward@romaguera.info,Jaylan,Wisoky,18
674,3452657535,495293470,patricktorphy@rohan.io,Spencer,Corwin,34
675,1884140835,145253202,fredricklarkin@schaden.com,Jackie,Anderson,42
676,1181022778,814629037,devonmurphy@hilll.name,Kelley,Goyette,26
677,1836962337,777272743,shaniacassin@stoltenberg.net,Jessica,Kunze,49
678,2987949282,466198535,ariclittle@williamson.com,Gaetano,Russel,46
679,8077148497,937610781,marilouparker@ziemann.org,Dillon,Deckow,26
680,4362652512,937213760,nolafahey@cruickshank.net,Dangelo,Ledner,18
681,7088067705,999909807,bradbogan@pacocha.info,Marlee,Donnelly,30
682,7128798045,509493231,hazlereynolds@kovacek.io,Thelma,Rodriguez,38
683,8113212882,481168978,leannecollier@fritsch.biz,Elenora,Bernier,29
684,1640813812,949655535,noelbogisich@kulas.com,Freddy,Mertz,30
685,5445235843,343632234,winonathompson@buckridge.com,Hazle,Huels,29
686,3934981802,200642050,faustolockman@kulas.com,Jayson,Zboncak,22
687,3210991157,445657237,alvinahayes@johns.net,Gerardo,Cremin,31
688,6501292963,454120124,jerodjakubowski@jewess.io,Taya,Gislason,40
689,7157701248,360719702,haleyhickle@romaguera.org,Jeffery,Breitenberg,24
690,8338794562,733950940,madieemmerich@turner.name,Ahmed,Schultz,45
691,6740630792,188927282,johnathonsmitham@boehm.net,Elbert,Kerluke,32
692,1222791605,840071063,emeliadietrich@huels.org,Rubye,Schowalter,27
693,1458466708,138971098,zoeheidenreich@wolff.info,Westley,Fritsch,46
694,9873113447,356898569,lenoraraynor@hammes.com,Concepcion,Champlin,41
695,4824303795,316532118,julienmcclure@legros.org,Alejandra,Terry,46
696,7320680917,613168574,maddisonmoore@hilll.info,Etha,Walsh,21
697,7626679748,770267370,dangelomacejkovic@waelchi.org,Rhiannon,Gislason,49
698,2545462878,495185293,norahauck@will.com,Nelson,Mitchell,46
699,9904023273,912360837,quinnrunolfsdottir@fritsch.com,Gail,Reinger,38
700,3014994794,260386321,russmonahan@beer.com,Isai,Kerluke,39
701,2011361175,786643301,gabriellastark@kilback.info,Xavier,Adams,38
702,1671102271,339184794,vladimirlesch@bernier.biz,Russ,Cronin,40
703,7421365542,625724886,marcellaheaney@heathcote.io,Ara,Frami,27
704,4928426207,512384597,noemiblick@huel.name,Will,Casper,33
705,2489907048,464982104,nashcrona@christiansen.org,Zander,Heidenreich,37
706,8802037731,341236663,olenabshire@kulas.biz,Augusta,Sporer,49
707,6571177775,155679394,jakaylabeatty@ward.com,Marcella,Tromp,43
708,5349051144,330181497,lonniebosco@marks.com,Linnea,Mohr,20
709,4940960148,836314088,browndibbert@kohler.name,Beulah,Spencer,35
710,8399374326,748620097,lonnyboehm@connelly.biz,Chaim,Macejkovic,19
711,6931013154,727845752,fletcherwyman@gulgowski.biz,Murl,Collins,41
712,8747220655,601314850,emmiebergnaum@lesch.biz,Lincoln,Friesen,18
713,3979582927,296362346,jevonboehm@hodkiewicz.io,Emile,Harber,35
714,7684191922,677670566,karinahodkiewicz@hudson.name,Jackson,Feest,40
715,2714657771,836347476,ezekielstark@stokes.info,Cicero,Dicki,44
716,1097404456,710699227,forrestrohan@towne.name,Carol,Wuckert,23
717,9128416663,759137695,myahraynor@dach.info,Alycia,Bechtelar,18
718,2287791793,632171262,adellemarks@ziemann.name,Jovan,Kessler,49
719,2062362750,133065907,jadeblick@lubowitz.com,Luna,McClure,47
720,9573681906,157180102,berryschaefer@konopelski.com,Shayna,Conroy,25
721,5008412954,540620484,dustinschoen@johnson.net,Alverta,Hoeger,32
722,9469804557,198904639,pasqualebins@sporer.io,Tod,Zulauf,44
723,2135426100,889850225,wileydooley@ferry.org,Queen,Kuhlman,40
724,3729532010,863452074,ursulatowne@smith.com,Kenna,Hand,48
725,6562228143,126206386,keeleyfay@runolfsson.info,Vergie,Heidenreich,31
726,4111342318,992254888,savanahhuels@weissnat.com,Muhammad,Vandervort,23
727,9910538903,757827282,salmathiel@borer.info,Burnice,Osinski,18
728,6154929750,113631174,vicentelangosh@stamm.net,Brant,Mueller,35
729,1408999439,279554512,felicitysatterfield@fisher.net,Amari,Cruickshank,25
730,2170218930,858549665,genevievemccullough@crist.io,Delia,Gorczany,34
731,6150787377,808276632,ryanncronin@zulauf.biz,Lourdes,Nolan,18
732,4865515094,618190363,reedjohnson@davis.org,Kamren,Wisoky,47
733,9220357886,575548130,laverneglover@weber.name,Colleen,Thompson,34
734,4354391216,874426932,caryrodriguez@zieme.info,Reanna,Rath,31
735,7628958652,240722452,myrnawisozk@wiza.net,Adan,Zieme,23
736,4206171852,388740696,marleeorn@rice.io,Hosea,Haag,44
737,4319268386,369653204,violafisher@powlowski.com,Fleta,Greenholt,25
738,6579732525,103174249,floridahauck@klocko.com,Jennie,Ryan,38
739,4523631413,292090036,uniquehickle@gislason.biz,Mona,Jacobson,49
740,1837044849,220862890,chynahegmann@witting.com,Germaine,Kautzer,20
741,3395573352,476115707,berylreichert@kiehn.info,Asa,Medhurst,43
742,9106813799,188240711,lavernarippin@schaden.name,Trevion,Wunsch,29
743,7400304417,827267043,arelygutkowski@runte.biz,Mauricio,Collins,37
744,6481231874,558720884,fritzbahringer@doyle.org,Aiyana,Reinger,33
745,7700034138,651022925,mackbode@grady.com,Quinn,Stroman,41
746,7583443625,397555025,sophiawalker@koelpin.net,Moises,Corkery,25
747,1205570995,431722656,beaulahaltenwerth@stiedemann.name,Dangelo,Cremin,29
748,2327565828,594505927,jamiljast@wunsch.com,Elna,Kassulke,29
749,3174891976,375428973,christflatley@carter.net,Danika,Harber,19
750,2581577183,902444830,javonemard@schaefer.biz,Molly,Mante,47
751,4710403113,348321392,gardnergutkowski@brekke.biz,Naomie,Raynor,25
752,3110049186,102417667,brookdoyle@rogahn.com,Verda,Hintz,47
753,6279949448,810960482,alberthessel@jenkins.net,Darian,Wyman,36
754,5236462202,320606257,carmelalynch@schmidt.com,Dominique,Cole,27
755,6476601797,943359787,dylanreynolds@kshlerin.org,Adelia,Crona,36
756,5589986165,772052900,raymayer@littel.biz,Sim,Frami,39
757,8165852153,167677106,merrittlang@wuckert.biz,Jeremie,Schiller,30
758,1308478344,139760023,paytonmaggio@funk.io,Burnice,Renner,41
759,1953718000,788699100,isadorehirthe@glover.com,Deontae,Fay,19
760,6635582053,568337871,adrienondricka@johnston.com,Stephania,Becker,19
761,2458275849,460381238,jarrettschmitt@keeling.name,Catharine,Berge,36
762,4298763508,272167329,sydneystehr@kutch.info,Delbert,Jones,40
763,9750933386,914493612,jaymecollins@swaniawski.io,Talia,Zulauf,24
764,4442884775,460660289,armandobahringer@pollich.com,Ray,Stoltenberg,32
765,8367609480,121917509,dorthyjenkins@barton.net,Pansy,Sauer,50
766,3990638927,411478396,matildetoy@lubowitz.info,Arch,Haley,29
767,8272842793,167872177,abdulwisoky@pfannerstill.io,Floy,Padberg,39
768,4152136929,627053312,annettemohr@kris.net,Phyllis,Mann,49
769,5255100806,109209420,sabinawilliamson@lakin.io,Estevan,Hayes,19
770,1112548408,823360187,kyleerobel@boyer.info,Don,Maggio,19
771,3113939384,200426838,angelitamclaughlin@kulas.org,Shea,Walter,44
772,9745280571,946694934,rileyjenkins@will.io,Lavinia,Rowe,33
773,9062411988,891254468,milogusikowski@hahn.org,Tre,Dare,46
774,1481703630,196380803,kaileegottlieb@gorczany.name,Dana,Rohan,43
775,6065581268,736199410,vivianherman@hermann.biz,Maynard,Lebsack,37
776,1465934687,147875019,zulavonrueden@effertz.name,Keshaun,Lynch,30
777,8303189144,844605768,kalemacejkovic@mckenzie.info,Nya,Bernier,19
778,4182500803,646895173,athenavolkman@pollich.com,Elyssa,Adams,21
779,4108497265,156110985,onabeier@davis.info,Coty,Sipes,47
780,5396512673,764930047,mozellnikolaus@jaskolski.biz,Kira,Sauer,40
781,3490872146,953022545,gersonmorissette@ledner.name,Felicita,Kling,30
782,9048567370,656914804,lornahudson@anderson.net,Isaac,Bartell,36
783,8527370386,354549255,durwardconroy@farrell.name,Luz,Gottlieb,32
784,5090385210,279300163,madiemarquardt@miller.name,Lorenzo,Heaney,47
785,8763387842,450197343,kendalltreutel@king.org,Margret,Davis,38
786,4899793560,618370362,katrinaparker@nader.name,Nelda,Gottlieb,50
787,3800008827,491748272,kentonrodriguez@prosacco.info,Serena,Spencer,40
788,4806659199,478711711,brandtnolan@huels.org,Pietro,Weber,23
789,4202786555,568141089,mireyaabbott@damore.org,Alejandrin,Ortiz,29
790,1017954196,977424810,winstonullrich@runte.net,Michel,Watsica,31
791,2139550631,534928943,rosellawyman@osinski.name,Milford,Collins,18
792,9758658769,416392261,isabellaschimmel@dare.net,Colten,Kuhic,32
793,3840368694,893731685,lawsonlarkin@johnston.info,Eleonore,Gottlieb,47
794,6852754147,791648607,ronnypacocha@crooks.org,Rosetta,Lubowitz,39
795,8228627489,936415704,hildagrady@christiansen.biz,Chandler,Kautzer,38
796,2038501463,764427860,vickyrath@simonis.name,Gabriella,Wiegand,44
797,3964633420,881623262,ransomframi@heathcote.io,Alice,Collins,29
798,3994880120,410364736,laurinewilliamson@feeney.net,Domenico,Deckow,25
799,5369412554,585232680,eleanoraquitzon@renner.name,Eddie,Lockman,49
800,1861124842,948337266,rodrigowunsch@koelpin.info,Katlynn,Hansen,50
801,4950773577,829047816,providencijohnston@spinka.biz,Clara,Hahn,19
802,5770716722,821258510,kathrynpollich@williamson.net,Ryan,Bogan,46
803,3036901492,745866206,devontehudson@halvorson.io,Krystal,Spencer,27
804,1484338613,101193775,cletusrobel@stokes.org,Muriel,Bednar,21
805,2019644850,251557497,johanquitzon@bartell.io,Amelia,Gutmann,48
806,6625526548,406508529,evansschmidt@wintheiser.name,Cristian,Witting,26
807,2652170157,694740861,westonlittle@wunsch.com,Imelda,Beahan,42
808,1447005494,613492941,leorazemlak@kutch.com,Selmer,Cartwright,24
809,5361589168,336013298,jaymetorphy@rodriguez.com,Bradley,Medhurst,40
810,9187619405,165906485,amparoreichel@fritsch.org,Jamir,Smitham,43
811,2812582211,761225167,corbinbailey@erdman.name,Franz,Pfannerstill,33
812,1614490300,657592785,delilahhoeger@conn.com,Anibal,Metz,45
813,5852484568,144268686,ferneprosacco@trantow.net,Ruben,Ritchie,28
814,9280470294,251987704,rachelleprohaska@mertz.org,Gideon,Predovic,18
815,5281128371,451636621,jaquelinstamm@prosacco.org,Phyllis,Bosco,42
816,9744347978,891015182,erickabosco@halvorson.net,Thomas,Wilkinson,39
817,2790314466,305223696,genesisryan@pfannerstill.io,Bruce,Muller,26
818,3917811560,525330641,alfredopagac@kovacek.name,Retha,Little,42
819,8231814288,962992539,nicolalind@nader.info,Derrick,Hamill,48
820,9403583906,395410297,rahsaansauer@bauch.io,Drake,Conroy,39
821,6398797815,724111577,andylubowitz@rosenbaum.net,Loyal,Dickinson,26
822,3958715237,197854416,laceybernier@heathcote.name,Mateo,Nitzsche,21
823,4001526478,341156507,gusmurray@mclaughlin.info,Donato,Crist,26
824,8609415993,955666065,rhearunolfsson@hickle.io,Dessie,Hermiston,22
825,4252703718,575401292,yasminfeeney@rohan.com,Charlene,Sauer,20
826,4695742199,841886041,alisakshlerin@conroy.biz,Sabryna,Hessel,20
827,6019725495,644968189,christianaschmeler@tremblay.org,Melba,Stanton,18
828,9674177007,461797736,constantinstiedemann@mosciski.org,Ian,Kessler,38
829,9895786998,813135669,juanaankunding@kuvalis.info,Barney,Muller,32
830,7803480128,125828538,brendanjewess@lakin.net,Ellis,Lubowitz,21
831,2834926117,254321808,ashtonvonrueden@schoen.name,Dorian,Grimes,20
832,9168444119,806951605,warrenpfeffer@jerde.net,Jamal,Weimann,21
833,3200550304,734931548,edmondgreenfelder@gusikowski.com,Zander,Swaniawski,45
834,7481841538,850724156,maximilliaorn@weber.biz,Jefferey,Lindgren,47
835,9243199865,290146678,clevelandlindgren@keeling.biz,Carmel,Pfeffer,38
836,3308533904,572794680,duanehodkiewicz@mccullough.info,Stone,Parisian,20
837,3011592543,771812837,hiramlangosh@kautzer.info,Eleanore,OReilly,48
838,3558288051,485724208,estefaniaheidenreich@jewess.biz,Elsie,Kshlerin,42
839,6191476776,287928237,johnpaulwuckert@witting.biz,Deanna,Haley,34
840,8981953722,460522640,hattiedouglas@mante.com,Georgianna,Grimes,48
841,5128241134,722483123,skylarstiedemann@fahey.io,Jaylin,Barton,39
842,3777315218,699477118,kyleelang@schimmel.biz,Gerard,Lakin,35
843,5885224866,321440298,alexanemurazik@satterfield.name,Marta,Braun,25
844,5618106149,491530162,mariahmorar@bradtke.org,Claude,Russel,41
845,7921752504,661264672,elvishackett@mertz.com,Alyson,Corkery,18
846,2692957582,875342486,charlesziemann@mosciski.name,Javier,Roob,39
847,8518614118,202378067,gracehauck@kshlerin.io,Augustus,Spinka,39
848,1902536879,601338364,myrnalegros@schuppe.com,Anderson,Howe,32
849,7966870155,833577487,ettiebayer@klein.com,Joany,Langworth,30
850,3609915517,881209497,eulaliabrakus@nikolaus.com,Amber,Block,33
851,2135699967,100711943,larueconsidine@walsh.io,Jody,Oberbrunner,36
852,2950023857,469897818,toneyreinger@fritsch.name,Trudie,Beatty,23
853,6302143790,302178594,nedmarvin@mante.com,Sabrina,Lowe,26
854,1613919481,565331317,richardabbott@nikolaus.name,Jeramie,Simonis,31
855,9744561845,288978475,alphonsobotsford@gusikowski.io,Katharina,Swift,38
856,7141434847,126800193,kennedywalker@romaguera.io,Noemy,Marks,28
857,5331108923,205335425,elodymitchell@considine.io,Adrienne,Treutel,48
858,9039086487,117097245,estelleharber@cartwright.com,Watson,Ritchie,22
859,5613539727,336686310,soledadtorphy@weissnat.name,Estefania,Bahringer,32
860,4775475183,173461707,trentcole@mertz.io,Kassandra,Denesik,41
861,1486817493,319573742,kennethvandervort@white.name,Americo,Crist,50
862,7070098523,617694560,vladimirrobel@fay.net,Marlon,Braun,21
863,9979921876,337981222,anahibashirian@bradtke.org,Sylvester,Torphy,36
864,2897088515,189291845,mathewzboncak@nienow.io,Casimer,Lang,20
865,3308521672,477988270,bartholomehyatt@murazik.org,Judge,Towne,26
866,8350093493,372123529,rachelleparisian@langworth.name,Minnie,Welch,45
867,7553733098,796114121,maeboyer@rath.info,Kayleigh,Cole,41
868,6625481715,515469007,oralwiegand@mckenzie.biz,Nicolas,Breitenberg,18
869,8716313789,702668717,juanakerluke@kihn.org,Arlo,Casper,28
870,8639258562,326422677,aurorecole@champlin.net,Gonzalo,Sawayn,28
871,5809644497,944056538,marcelinabatz@rowe.name,Elody,Satterfield,30
872,3510637043,878691979,katrinemuller@herman.name,Daisha,Gusikowski,43
873,8354541375,532449698,olliehodkiewicz@marquardt.io,Carolanne,Hand,26
874,1159098548,715245261,mattmcclure@dach.io,Jeff,Nolan,44
875,5686235087,677217263,rheaberge@prosacco.biz,Terry,Krajcik,21
876,7335004934,744091988,domenicakilback@walsh.name,Isobel,Bergstrom,27
877,8091713394,626385080,carolinapaucek@schuster.org,Aimee,Fadel,48
878,9817853775,753583959,jovanymcclure@cummings.name,Letha,Hessel,33
879,1579788065,809982727,sheilahayes@bernhard.biz,Natalia,Thiel,18
880,5293555479,836973870,eliezerkub@hauck.net,Shayna,Aufderhar,34
881,4785596867,757295268,damonhodkiewicz@emmerich.biz,Odie,Wisozk,36
882,9264527001,203978433,norvalkerluke@hermiston.io,Corine,Mitchell,39
883,6832041964,207640427,ledajohns@herman.name,Rachael,Bashirian,34
884,3281148683,233933965,elissachamplin@hettinger.io,Pink,Mertz,18
885,8804294414,353865511,marcweimann@goldner.net,Quinten,Rippin,20
886,7241586429,827259531,madiestroman@stamm.com,Emmett,Ortiz,38
887,1735172236,443215001,vernerbernhard@kirlin.info,Bulah,Schiller,45
888,7930834135,678699585,matildarunolfsson@waters.org,Fannie,Bayer,47
889,9342378060,702265797,karolannlemke@crona.io,Alejandra,Boyle,19
890,7357119948,462788168,orvalgleichner@greenholt.io,Misty,Wisozk,20
891,2048945501,747719156,summercorwin@raynor.io,Cynthia,Rice,33
892,6834748636,368126019,waynepadberg@littel.org,Lucious,Torp,44
893,4082179849,266079449,lenorajacobs@ortiz.io,Eloy,McDermott,28
894,9701013771,167299330,kendallhilll@schinner.org,Mariane,Beer,41
895,6486158798,604003975,modestaoberbrunner@zieme.net,Elta,Wintheiser,36
896,6359548650,107588602,kelleyheaney@kutch.info,Sofia,Kovacek,43
897,4325035595,516822983,wilfridrenner@hilll.biz,Clifford,Oberbrunner,35
898,3235513656,339363815,roslynbahringer@willms.biz,Eula,Bradtke,39
899,6395209563,280848510,scottiecrona@cronin.org,Rex,Wisozk,27
900,6566380449,613104888,karinabreitenberg@littel.name,Allene,Prosacco,44
901,7749715771,755363948,carmenframi@graham.com,Raven,Huel,41
902,4741769381,106151325,jaclynpollich@hirthe.name,Lauryn,Kreiger,30
903,4530181911,859764413,javonkonopelski@zboncak.biz,Beatrice,Rice,22
904,7592942006,819073660,aishapouros@williamson.biz,Ola,Eichmann,37
905,1778742011,306428064,tessiealtenwerth@moen.name,Verda,Dibbert,39
906,2064028366,792286925,norabahringer@bradtke.biz,Assunta,Swaniawski,47
907,8337883780,642722734,andrekiehn@rohan.info,Gabrielle,Langworth,28
908,6102077652,247717797,tellycummings@wyman.net,Susanna,Runolfsdottir,24
909,5582695709,457250947,sebastiankling@weimann.io,Modesta,Predovic,48
910,9774985991,274391335,clintschmitt@littel.name,Marisol,Yost,23
911,1810029281,381335868,othorohan@gaylord.info,Maia,Boyer,38
912,3635584827,649625585,margretkunze@hahn.info,Dandre,Keeling,46
913,9070648781,953141609,destininikolaus@rosenbaum.info,Irma,Rolfson,45
914,3957135703,494749883,rethasimonis@hills.io,Hermann,Windler,45
915,5927824275,884623337,travonshields@larson.io,Aylin,Glover,31
916,8622797232,438076386,leonorschmidt@pagac.org,Ally,Schowalter,32
917,5656950249,535191834,alvenadickinson@gleichner.biz,Jadyn,Stamm,33
918,7870675022,502632036,vanjohnston@zulauf.biz,Rhiannon,Jacobson,18
919,9584185914,651633408,bradlyhoeger@abshire.info,Leopoldo,Fritsch,43
920,4946369558,302574274,daniellahintz@wunsch.name,Mohamed,Padberg,20
921,3992225649,741510025,dorcassimonis@jewess.com,August,Lehner,31
922,8322980899,170111968,janhermiston@harris.org,Dorris,Wehner,38
923,2025998401,462486850,ivahzboncak@treutel.io,Kacey,Gutkowski,19
924,4710018936,517624367,emieprohaska@fadel.biz,Robyn,Stiedemann,29
925,5222045159,279251720,aliyahnolan@bechtelar.biz,Addie,Grimes,18
926,7551709381,754111486,clemmiestamm@stanton.biz,Rosario,Windler,20
927,8225647756,616432828,kennithkihn@goodwin.com,Wyman,Stanton,34
928,7746726450,340905777,tressafahey@barton.biz,Anabel,Collins,30
929,4752221467,114164226,ethelynjenkins@wehner.com,Rosalinda,Williamson,28
930,8914631047,651766424,colbywillms@koch.info,Lillie,Collins,30
931,9836925151,573284633,meganegoyette@parisian.name,Janelle,Lakin,37
932,8035170343,118432552,kaleyschulist@thiel.name,Adan,Tromp,25
933,2810983585,558256571,davontebrekke@purdy.org,Gregorio,Leuschke,43
934,5113369535,720914476,alexandredaugherty@senger.info,Oscar,Klocko,44
935,6356856748,352489233,bettecollins@stracke.org,Kamron,Streich,43
936,2974463140,841849756,marjorykuhn@gislason.name,Juana,Waters,38
937,7641318772,821637694,torrancewelch@greenholt.com,Anya,Lind,44
938,8264043910,729138037,melliekoepp@mraz.com,Milton,Barrows,44
939,9011137662,395511406,federicohaley@metz.info,Noemie,Smith,41
940,1473127102,146911500,thaliaondricka@gaylord.com,Monty,Bogisich,42
941,3495978375,445600274,lucianobailey@schowalter.io,Dorothea,Huel,49
942,6543863477,703486586,mitchelaufderhar@hirthe.info,Lon,Reichel,50
943,4737044709,982220402,chelseahayes@green.info,Onie,Bogisich,32
944,6356738098,464075768,ethanpagac@bogan.com,Angelica,Rutherford,44
945,8655903408,480664614,javonvonrueden@medhurst.name,Bertrand,Bins,25
946,3205868983,991000173,leilanidickinson@sipes.name,Deanna,Mueller,43
947,9326052487,433034768,jarrellgoyette@goyette.info,Brendon,Torphy,32
948,5337885254,508119892,vincenzomcglynn@murazik.io,Alexander,Kuhic,18
949,7541168993,806473817,demetriusstreich@orn.name,Verlie,Williamson,48
950,4410284165,881963374,daltonjerde@runolfsson.info,Jaron,Doyle,32
951,8217691121,434366345,kielthiel@gulgowski.info,Lottie,Cruickshank,18
952,1033872897,977726621,nevacorwin@nicolas.com,Laury,Torphy,48
953,6129234825,935799120,carriemclaughlin@cummerata.info,Jaydon,Eichmann,36
954,5255000243,205948024,katrineheaney@renner.info,Matilde,Goldner,50
955,8498011536,424156791,staceybernhard@stroman.info,Wiley,Ferry,24
956,4138451223,975940741,annekozey@bruen.name,Payton,Kuhic,29
957,5782996631,976829670,haskellschumm@dicki.name,Destinee,Ward,25
958,7726099253,534271873,janicemraz@berge.io,Cornell,Botsford,50
959,8022356048,731776273,henriettewill@gottlieb.com,Emilio,Corwin,19
960,5954372664,397592808,devynrath@feest.net,Sonny,Ankunding,22
961,3640417269,896788629,stanleybartell@champlin.info,Colleen,Robel,41
962,9172978830,364805574,adahgreenfelder@treutel.net,Eliza,Lindgren,44
963,8509792448,144544493,douglubowitz@feeney.info,Jennifer,Zieme,24
964,5580239695,770617194,trecummings@stark.org,Myrtis,Konopelski,29
965,2569182826,584607695,mozellehalvorson@rodriguez.io,Tara,Kuhn,39
966,2669929986,128558532,soledaddicki@rempel.org,Jaylin,King,18
967,5533309311,754904165,kiaramann@jewess.net,Rosalee,Koelpin,19
968,6406417083,636285279,erickjenkins@funk.biz,Alphonso,Gorczany,44
969,8965324405,250542023,claudiedonnelly@schumm.net,Augustus,Rosenbaum,20
970,3144630441,940957726,josephinehodkiewicz@ledner.io,Jairo,Green,48
971,7765819868,802430074,jordyharvey@lynch.net,Wilford,Mohr,45
972,6344896503,398634500,jaronsanford@wolff.com,Gust,Effertz,35
973,1253632830,238989001,mayhilpert@gorczany.net,Maurine,Dickinson,28
974,9845626112,364147976,garnettnader@brown.com,Cydney,Senger,21
975,8018284936,794426395,cheyennewilderman@rohan.org,Jalon,Yost,39
976,5007736516,782879580,maximuslind@orn.io,Chaya,Kihn,45
977,2897605469,765529047,herminiopagac@reynolds.info,Kallie,Ward,44
978,1095179996,690250420,leopoldwintheiser@mosciski.biz,Evans,Hessel,18
979,5894153262,251080160,marykassulke@hills.net,Nicolas,Mueller,25
980,8494274783,771574777,karinecruickshank@baumbach.info,Jay,Stamm,46
981,2182319580,138998475,clintonkulas@prosacco.com,Nickolas,Goyette,41
982,1204033143,732093628,alanhirthe@schowalter.info,Alek,Gusikowski,25
983,4591889338,607760545,emiliakling@wilderman.net,Desmond,Mueller,35
984,2450334201,122559420,pinkfeest@greenfelder.biz,Eula,Hudson,40
985,3539729070,200112087,deontemacejkovic@simonis.io,Clifford,Legros,37
986,1210880945,772030334,babyhartmann@casper.io,Myah,Botsford,33
987,7594940177,309938951,ransompfeffer@hudson.org,Immanuel,Smith,21
988,8269410896,313312874,eliezermorar@ziemann.net,Augustus,Gibson,27
989,1026325704,379294153,wadeglover@schmitt.net,Norene,Batz,19
990,7901969044,434917683,hirambartoletti@windler.io,Fred,Jenkins,29
991,6578524525,529187825,catalinaluettgen@dibbert.name,Raphaelle,Daniel,22
992,1222566341,297881086,opheliabalistreri@wisoky.io,Khalil,Fay,44
993,4812442265,613846706,isaiahgaylord@stark.biz,Mose,Bayer,36
994,6197636086,969740996,sheldonbrekke@eichmann.org,Beaulah,Becker,28
995,8990016205,996642134,staceyroob@cassin.com,Aurelia,Klein,33
996,1129303984,597426462,faustinodare@pfeffer.org,Leonie,Smitham,49
997,2201550805,810086223,maybellschmidt@johnson.biz,Scarlett,Kutch,21
998,2179090426,966111390,jordonjewess@monahan.name,Brandyn,Sporer,23
999,8862198469,248717158,assuntajaskolski@adams.biz,Maeve,Kihn,43
1000,6251142717,883702268,gagecronin@abernathy.name,Jaleel,Beatty,38
